-- phpMyAdmin SQL Dump
-- version 3.2.4
-- http://www.phpmyadmin.net
--
-- Host: localhost
-- Generation Time: Jul 07, 2011 at 02:55 PM
-- Server version: 5.1.41
-- PHP Version: 5.3.1

SET SQL_MODE="NO_AUTO_VALUE_ON_ZERO";


/*!40101 SET @OLD_CHARACTER_SET_CLIENT=@@CHARACTER_SET_CLIENT */;
/*!40101 SET @OLD_CHARACTER_SET_RESULTS=@@CHARACTER_SET_RESULTS */;
/*!40101 SET @OLD_COLLATION_CONNECTION=@@COLLATION_CONNECTION */;
/*!40101 SET NAMES utf8 */;

--
-- Database: `famsys`
--

-- --------------------------------------------------------

--
-- Table structure for table `accounts`
--

DROP TABLE IF EXISTS `accounts`;
CREATE TABLE IF NOT EXISTS `accounts` (
  `id` int(11) unsigned NOT NULL AUTO_INCREMENT,
  `name` varchar(200) COLLATE latin1_general_ci DEFAULT NULL,
  `gl` varchar(50) COLLATE latin1_general_ci DEFAULT NULL,
  `linked_gol` tinyint(1) DEFAULT '0',
  `debit` tinyint(1) DEFAULT '0',
  `credit` tinyint(1) DEFAULT '0',
  `account_global_id` int(11) DEFAULT '0',
  `account_type_id` int(11) NOT NULL,
  PRIMARY KEY (`id`),
  KEY `FKIndex1` (`account_global_id`),
  KEY `account_type_id` (`account_type_id`)
) ENGINE=MyISAM  DEFAULT CHARSET=latin1 COLLATE=latin1_general_ci AUTO_INCREMENT=158 ;

--
-- Dumping data for table `accounts`
--

INSERT INTO `accounts` (`id`, `name`, `gl`, `linked_gol`, `debit`, `credit`, `account_global_id`, `account_type_id`) VALUES
(1, 'Building', '1080-03', 1, 1, 0, 4, 2),
(2, 'Akumulasi Penyusutan Building', '1081-01', 0, 0, 1, 14, 1),
(3, 'Biaya Penyusutan Building', '5320-14', 0, 1, 0, 1, 6),
(4, 'Hardware dan Instalation ', '1080-06 ', 1, 1, 0, 6, 2),
(5, 'Akumulasi Penyusutan Hardware dan Instalasi', '1081-04', 0, 0, 1, 17, 1),
(6, 'Biaya Penyusutan Hardware dan Instalation ', '5323-14', 0, 1, 0, 1, 6),
(7, 'Vehicle', '1080-05', 1, 1, 0, 7, 2),
(8, 'Akumulasi Penyusutan Vehicle', '1081-03', 0, 0, 1, 7, 1),
(9, 'Biaya Penyusutan Vehicle', '5322-14', 0, 1, 0, 1, 6),
(92, 'Biaya Penyusutan Software', '5328-14', 0, 0, 1, 10, 6),
(20, 'Software', '1080-10', 0, 0, 1, 10, 2),
(21, 'Akumulasi Penyusutan Software', '1081-09', 0, 1, 0, 10, 1),
(24, 'PPN', '59000000', 0, 1, 1, 0, 0),
(38, 'PPH 23', '45108', 0, 1, 1, 0, 0),
(39, 'RAB Proses Umum', '230003', 0, 0, 0, 1, 5),
(55, 'KERUGIAN PENGHAPUSAN FA', 'FA00001', 0, 1, 1, NULL, 11),
(56, 'KEUNTUNGAN PENJUALAN FA', 'FA00002', 0, 1, 1, NULL, 3),
(57, 'KERUGIAN PENJUALAN FA', 'FA00003', 0, 1, 1, NULL, 4),
(58, 'KAS', '9500Y', 0, 0, 0, 0, 18),
(59, 'Hutang Pada Supplier', '1234567', 0, 1, 1, 1, 10),
(98, 'Biaya Penyusutan Equipment', '5330-14 ', 0, 0, 1, 1, 6),
(97, 'Akumulasi Penyusutan Equipment', '1081-11', 0, 1, 0, 1, 1),
(96, 'Equipment', '1080-12 ', 0, 1, 0, 1, 2),
(95, 'Biaya Penyusutan Leasehold', '5329-14 ', 0, 0, 1, 1, 6),
(94, 'Akumulasi Penyusutan Leasehold', '1081-10 ', 0, 1, 0, 1, 1),
(99, 'Land ', '1080-01', 0, 1, 0, 5, 2),
(100, 'Akumulasi Penyusutan Land', '1081-08 ', 0, 1, 0, 16, 1),
(101, 'Biaya Penyusutan Land', '5327-14 ', 0, 0, 1, 16, 6),
(102, 'RPKP Cabang Pengirim', '00000', 0, 1, 1, NULL, 7),
(103, 'RPKP Cabang Penerima', '0000', 0, 0, 0, NULL, 8),
(93, 'Leasehold', '1080-11', 0, 1, 0, 1, 2),
(104, 'Biaya Non Operasional Lainnya', '0000000', 0, 1, 1, NULL, 9),
(105, 'Amortisasi', '2222', 0, 0, 0, NULL, 2),
(106, 'Akumulasi Penyusutan Amortisasi', '3333', 0, 0, 0, NULL, 1),
(107, 'Biaya Penyusutan Amortisasi', '4444', 0, 0, 0, NULL, 1),
(108, 'Persediaan Alat Tulis kantor', '120401', 0, 1, 0, 0, 13),
(109, 'Persediaan Cetakan', '120402', 0, 1, 0, 0, 13),
(110, 'Persediaan Cek & Bilyet Giro', '120403', 0, 1, 0, 0, 13),
(111, 'Persediaan Materai Tempel', '120404', 0, 1, 0, 0, 13),
(112, 'Persediaan Souvenir', '120405', 0, 1, 0, 0, 13),
(113, 'Persediaan Bea Materai Teraan', '120406', 0, 1, 0, 0, 13),
(114, 'Persediaan Bea Materai Skum', '120407', 0, 1, 0, 0, 13),
(115, 'Pers Bea Materai Komputerisasi', '120408', 0, 1, 0, 0, 13),
(116, 'Persediaan Kartu ATM', '120409', 0, 1, 0, 0, 13),
(117, 'Persediaan Barang IT', '120410', 0, 1, 0, 0, 13),
(118, 'Persediaan Barang Lainnya', '120499', 0, 1, 0, 0, 13),
(119, 'Tanah', '108001', 0, 1, 0, 0, 2),
(120, 'Bangunan Dalam Penyelesaian', '108002', 0, 1, 0, 0, 2),
(121, 'Gedung', '108003', 0, 1, 0, 0, 2),
(122, 'Instalasi', '108004', 0, 1, 0, 0, 2),
(123, 'Kendaraan', '108005', 0, 1, 0, 0, 2),
(124, 'Hardware Komputer', '108006', 0, 1, 0, 0, 2),
(125, 'Inv. Ktr Gol 1', '108007', 0, 1, 0, 0, 2),
(126, 'Inv. Ktr Gol 2 ( besi )', '108008', 0, 1, 0, 0, 2),
(127, 'Periperal Komputer', '108009', 0, 1, 0, 0, 2),
(128, 'Sotfware Komputer', '108010', 0, 1, 0, 0, 2),
(129, 'Periperal Komputer', '108011', 0, 1, 0, 0, 2),
(131, 'Biaya Alat Tulis Kantor', '560114', 0, 1, 0, 0, 5),
(132, 'Biaya Cetakan', '560214', 0, 1, 0, 0, 5),
(133, 'Biaya Cek & Billyet Giro', '560314', 0, 1, 0, 0, 5),
(134, 'Biaya Materai', '542314', 0, 1, 0, 0, 5),
(135, 'Biaya Barang Souvenir', '570514', 0, 1, 0, 0, 5),
(136, 'Biaya Barang Promosi', '570314', 0, 1, 0, 0, 5),
(137, 'Persediaan Barang Promosi', '120409', 0, 1, 0, 0, 13),
(138, 'Biaya Cetak Kartu ATM', '562014', 0, 1, 0, 0, 5),
(139, 'Biaya Accecoris Komputer', '560414', 0, 1, 0, 0, 5),
(140, 'Biaya Sarana Kantor', '565514', 0, 1, 0, 0, 5),
(141, 'Cabang Pemohon', 'xxx', 0, 1, 0, 0, 8),
(142, 'Cabang Pemilik Asset', 'xxx', 0, 1, 0, 0, 8),
(143, 'Biaya Penyusutan Inv. Ktr Gol 1', '532414', 0, 1, 0, 0, 1),
(144, 'Akumulasi Penyusutan Inv. Ktr Gol 1', '1081105', 0, 0, 1, 0, 1),
(145, 'Biaya Penyusutan Inv. Ktr Gol 2', '532514', 0, 1, 0, 0, 1),
(146, 'Akumulasi Penyusutan Inv. Ktr Gol 2', '1081106', 0, 0, 1, 0, 1),
(147, 'Akm peny Periperal komputer', '108107', 0, 1, 0, 0, 1),
(148, 'By Non Operasional Gedung', '108101', 0, 1, 0, 0, 9),
(149, 'By Kerugian/ Penj Aktiva Tetap', '595514', 0, 1, 0, 0, 4),
(150, 'By Non Operasional Lainnya', '599914', 0, 1, 0, 0, 9),
(151, 'Akm Penyusutan Hardware Komputer', '108104', 0, 1, 0, 0, 1),
(152, 'Aku Peny Bangunan Dalam Penyelesaian', 'xxxx', 0, 1, 0, 0, 1),
(153, 'Laba Penjualan Aktifa Tetap', '492214', 0, 0, 1, 0, 3),
(154, 'Uang Muka Lainnya', '12099', 0, 1, 1, 0, 15),
(155, 'RP Umum', '230021', 0, 1, 1, 0, 16),
(156, 'Penghapusbukuan FA', '595714', 0, 1, 0, 0, 11),
(157, 'RAB Kas Umum', '230011', 0, 1, 1, 0, 17);

-- --------------------------------------------------------

--
-- Table structure for table `account_globals`
--

DROP TABLE IF EXISTS `account_globals`;
CREATE TABLE IF NOT EXISTS `account_globals` (
  `id` int(11) NOT NULL AUTO_INCREMENT,
  `code` varchar(20) COLLATE latin1_general_ci DEFAULT NULL,
  `name` varchar(200) COLLATE latin1_general_ci DEFAULT NULL,
  `level` int(11) DEFAULT NULL,
  `parent_id` int(11) DEFAULT NULL,
  `detail` tinyint(1) DEFAULT '0',
  PRIMARY KEY (`id`),
  KEY `FKIndex1` (`parent_id`)
) ENGINE=MyISAM  DEFAULT CHARSET=latin1 COLLATE=latin1_general_ci AUTO_INCREMENT=23 ;

--
-- Dumping data for table `account_globals`
--

INSERT INTO `account_globals` (`id`, `code`, `name`, `level`, `parent_id`, `detail`) VALUES
(1, '01', 'Aktiva Tetap', 1, NULL, 0),
(2, '0101', 'Biaya Perolehan', 2, 1, 0),
(3, '010101', 'Pemilikan langsung', 3, 2, 0),
(4, '01010101', 'Gedung', 4, 3, 1),
(5, '01010102', 'Tanah', 4, 3, 1),
(6, '01010103', 'Instalasi dan Renovasi Bangunan', 4, 3, 1),
(7, '01010104', 'Kendaraan Bermotor', 4, 3, 1),
(8, '01010105', 'Perabotan Kantor', 4, 3, 1),
(9, '01010106', 'Peralatan Kantor', 4, 3, 1),
(10, '01010107', 'Piranti Lunak Komputer', 4, 3, 1),
(11, '01010108', 'Piranti Keras Komputer', 4, 3, 1),
(12, '010102', 'Aktiva Tetap Dalam Penyelesaian', 3, 2, 1),
(13, '0102', 'Akumulasi Penyusutan', 2, 1, 0),
(14, '010201', 'Pemilikan langsung', 3, 13, 0),
(15, '01020101', 'Gedung', 4, 14, 1),
(16, '01020102', 'Tanah', 4, 14, 1),
(17, '01020103', 'Instalasi dan Renovasi Bangunan', 4, 14, 1),
(18, '01020104', 'Kendaraan Bermotor', 4, 14, 1),
(19, '01020105', 'Perabotan Kantor', 4, 14, 1),
(20, '01020106', 'Peralatan Kantor', 4, 14, 1),
(21, '01020107', 'Piranti Lunak Komputer', 4, 14, 1),
(22, '01020108', 'Piranti Keras Komputer', 4, 14, 1);

-- --------------------------------------------------------

--
-- Table structure for table `account_types`
--

DROP TABLE IF EXISTS `account_types`;
CREATE TABLE IF NOT EXISTS `account_types` (
  `id` int(11) NOT NULL AUTO_INCREMENT,
  `name` varchar(50) NOT NULL,
  `descr` varchar(200) NOT NULL,
  PRIMARY KEY (`id`),
  KEY `name` (`name`)
) ENGINE=MyISAM  DEFAULT CHARSET=latin1 AUTO_INCREMENT=19 ;

--
-- Dumping data for table `account_types`
--

INSERT INTO `account_types` (`id`, `name`, `descr`) VALUES
(1, 'Akumulasi Penyusutan', ''),
(2, 'Harga Perolehan', ''),
(3, 'Laba Penjualan FA', ''),
(4, 'Rugi Penjualan FA', ''),
(5, 'RAB Proses Umum', ''),
(6, 'Biaya Penyusutan', ''),
(7, 'RPKP Cabang Asal', ''),
(8, 'RPKP Cabang Tujuan', ''),
(9, 'Biaya Non Operasional', ''),
(10, 'Hutang Supplier', ''),
(11, 'Rugi Penghapusan FA', ''),
(12, 'Laba Penghapusan FA', ''),
(13, 'Persediaan', ''),
(15, 'Uang Muka', ''),
(16, 'RP Umum', 'RP Umum'),
(17, 'RAB Kas Umum', ''),
(18, 'Kas', '');

-- --------------------------------------------------------

--
-- Table structure for table `journal_groups`
--

DROP TABLE IF EXISTS `journal_groups`;
CREATE TABLE IF NOT EXISTS `journal_groups` (
  `id` int(10) unsigned NOT NULL AUTO_INCREMENT,
  `name` varchar(200) NOT NULL,
  PRIMARY KEY (`id`)
) ENGINE=MyISAM  DEFAULT CHARSET=latin1 AUTO_INCREMENT=18 ;

--
-- Dumping data for table `journal_groups`
--

INSERT INTO `journal_groups` (`id`, `name`) VALUES
(1, 'Penerimaan Barang'),
(2, 'Mutasi FA'),
(3, 'Write Off FA'),
(4, 'Pembayaran Supplier'),
(5, 'Penyusutan FA'),
(6, 'Distribusi dari Head Office ke Branch'),
(7, 'Distribusi dari Head Office ke Unit Kerja'),
(8, 'Penjualan FA Untung'),
(9, 'Inlog'),
(10, 'Retur Cabang'),
(11, 'Retur Supplier'),
(12, 'Pemakaian Barang'),
(14, 'Pembelian FA dengan DP'),
(15, 'Pembelian FA'),
(16, 'Penjualan FA Rugi'),
(17, 'Penjualan FA Sama Dengan Nilai Buku');

-- --------------------------------------------------------

--
-- Table structure for table `journal_positions`
--

DROP TABLE IF EXISTS `journal_positions`;
CREATE TABLE IF NOT EXISTS `journal_positions` (
  `id` int(10) unsigned NOT NULL AUTO_INCREMENT,
  `name` varchar(10) NOT NULL,
  PRIMARY KEY (`id`)
) ENGINE=MyISAM  DEFAULT CHARSET=latin1 AUTO_INCREMENT=3 ;

--
-- Dumping data for table `journal_positions`
--

INSERT INTO `journal_positions` (`id`, `name`) VALUES
(1, 'Debit'),
(2, 'Credit');

-- --------------------------------------------------------

--
-- Table structure for table `journal_templates`
--

DROP TABLE IF EXISTS `journal_templates`;
CREATE TABLE IF NOT EXISTS `journal_templates` (
  `id` int(10) unsigned NOT NULL AUTO_INCREMENT,
  `journal_group_id` int(10) unsigned NOT NULL,
  `asset_category_id` int(10) unsigned NOT NULL,
  `name` varchar(50) NOT NULL,
  PRIMARY KEY (`id`),
  KEY `journal_template_id` (`journal_group_id`,`asset_category_id`)
) ENGINE=MyISAM  DEFAULT CHARSET=latin1 AUTO_INCREMENT=334 ;

--
-- Dumping data for table `journal_templates`
--

INSERT INTO `journal_templates` (`id`, `journal_group_id`, `asset_category_id`, `name`) VALUES
(1, 1, 1, 'Penerimaan FA Tanah'),
(4, 1, 5, 'Penerimaan FA Kendaraan'),
(5, 1, 6, 'Penerimaan FA Hardware Komputer'),
(7, 1, 8, 'Penerimaan FA Inventaris Gol I'),
(9, 1, 10, 'Penerimaan FA Software Komputer'),
(10, 1, 11, 'Penerimaan FA Leasehold'),
(11, 5, 3, 'Penyusutan Gedung'),
(12, 5, 4, 'Penyusutan Instalasi'),
(13, 2, 1, 'Mutasi FA Tanah'),
(18, 4, 25, 'Pembayaran FA Gedung'),
(15, 8, 3, 'Penjualan Untung FA Gedung'),
(16, 8, 4, 'Penjualan Untung FA Instalasi'),
(17, 8, 5, 'Penjualan Untung FA Kendaraan'),
(19, 4, 6, 'Pembayaran FA Hardware Komputer'),
(20, 4, 5, 'Pembayaran FA Kendaraan'),
(21, 5, 5, 'Penyusutan FA Kendaraan'),
(22, 5, 6, 'Penyusutan FA Hardware'),
(23, 5, 8, 'Penyusutan FA Inventaris Ktr Gol I'),
(24, 5, 9, 'Penyusutan FA Inventaris Ktr Gol II'),
(25, 5, 7, 'Penyusutan FA Peripheral Komputer'),
(26, 5, 1, 'Penyusutan FA Tanah'),
(27, 5, 10, 'Penyusutan FA Software'),
(28, 5, 11, 'Penyusutan FA Leasehold'),
(30, 2, 25, 'Mutasi Gedung'),
(32, 2, 5, 'Mutasi Kendaraan'),
(33, 2, 6, 'Mutasi Hardware Komputer'),
(35, 2, 8, 'Inventaris Gol I'),
(37, 2, 10, 'Mutasi Software Komputer'),
(38, 2, 11, 'Mutasi Leasehold'),
(39, 4, 10, 'Pembayaran Software'),
(41, 3, 3, 'Write off Building'),
(42, 3, 1, 'Write off land'),
(43, 3, 4, 'Write off Installation'),
(44, 3, 5, 'Write off Vehicle'),
(45, 3, 6, 'Write off Hardware'),
(46, 3, 7, 'Write off Peripheral'),
(47, 3, 8, 'Write off Inv I'),
(48, 3, 9, 'Write off Inv II'),
(49, 3, 10, 'Write off Software'),
(50, 3, 11, 'Write off Leasehold'),
(51, 4, 11, 'Pembayaran Leasehold'),
(52, 4, 1, 'Pembayaran Tanah'),
(54, 4, 8, 'Pembayaran Inv I'),
(56, 8, 1, 'Penjualan Untung Tanah'),
(58, 8, 6, 'Penjualan Untung Hardware'),
(59, 8, 7, 'Penjualan Untung Peripheral'),
(60, 8, 8, 'Penjualan Untung Inv I'),
(61, 8, 9, 'Penjualan Untung Inv II'),
(62, 8, 10, 'Penjualan Untung Software'),
(63, 8, 11, 'Penjualan Untung Leasehold'),
(86, 1, 20, 'Penerimaan Stock Materai Skum'),
(77, 9, 12, 'Penerimaan Stock Barang Cetakan'),
(87, 1, 21, 'Penerimaan Stock Materai Kompuerisasi'),
(81, 1, 12, 'Penerimaan Stock Cetakan'),
(82, 1, 13, 'Penerimaan Stock Materai Tempel'),
(83, 1, 17, 'Penerimaan Stock Cek & Bilyet Giro'),
(84, 1, 18, 'Penerimaan Stock Souvenir'),
(85, 1, 19, 'Penerimaan Stock Materai Teraan'),
(78, 9, 13, 'Penerimaan Stock Materai'),
(88, 1, 22, 'Penerimaan Stock Kartu ATM'),
(90, 1, 23, 'Penerimaan Stock Barang IT'),
(91, 1, 24, 'Penerimaan Stock Barang Lainnnya'),
(92, 1, 25, 'Penerimaan FA Bangunan'),
(93, 7, 26, 'Biaya Alat Tulis Kantor'),
(94, 7, 12, 'Biaya Cetakan'),
(95, 7, 17, 'Biaya Cek & Bilyet Giro'),
(96, 7, 13, 'Biaya Materai'),
(97, 7, 19, 'Biaya Materai'),
(98, 7, 20, 'Biaya Materai'),
(99, 7, 21, 'Biaya Materai'),
(100, 7, 18, 'Biaya Barang Souvenir'),
(101, 7, 28, 'Biaya Barang Promosi'),
(102, 7, 22, 'Biaya Cetak Kartu ATM'),
(103, 7, 23, 'Biaya Accecoris Komputer'),
(104, 7, 24, 'Biaya Sarana Kantor'),
(105, 6, 26, 'Pendistribusian ATK'),
(106, 6, 12, 'Pendistribusian Barang Cetakan'),
(107, 6, 17, 'Pendistribusian Cek & Bilyet Giro'),
(108, 6, 13, 'Pendistribusian materai Tempel'),
(109, 6, 19, 'Pendistribusian Materai Teraan'),
(110, 6, 20, 'Pendistribusian Materai Skum'),
(111, 6, 21, 'Pendistribusian Materai Komputerisasi'),
(112, 6, 18, 'Pendistribusian Souvenir'),
(113, 6, 28, 'Pendistribusian Barang Promosi'),
(114, 6, 22, 'Pendistribusian Kartu ATM'),
(115, 6, 23, 'Pendistribusian Barang IT'),
(116, 6, 24, 'Pendistribusian Barang Lainnya '),
(117, 6, 1, 'FA tanah'),
(118, 6, 2, 'FA Bangunan'),
(119, 6, 3, 'FA Gedung'),
(120, 6, 4, 'FA Instalasi'),
(121, 6, 5, 'FA Kendaraan'),
(122, 6, 6, 'FA Hardware Komputer'),
(123, 6, 8, 'FA Inv Ktr Gol 1 (Kayu)'),
(124, 6, 9, 'FA Inv Ktr Gol 2 (Besi)'),
(125, 6, 7, 'FA Periperal Komputer'),
(126, 6, 10, 'FA Sotfware Komputer'),
(127, 6, 11, 'FA Leasehold'),
(128, 11, 3, 'Fixas Gedung'),
(129, 11, 4, 'Fixas Instalasi'),
(130, 11, 5, 'Fixas Kendaraan'),
(131, 11, 6, 'Fixas Hardware Komputer'),
(132, 11, 8, 'Fixas Inv. Ktr Gol 1'),
(134, 11, 9, 'Fixas Inv. Ktr Gol 2'),
(135, 11, 7, 'Fixas Periperal Komputer'),
(136, 11, 10, 'Fixas Software Komputer'),
(137, 11, 12, 'Retur Supplier Barang Cetakan'),
(138, 11, 13, 'Retur Supplier Materai Tempel'),
(140, 11, 17, 'Retur Supplier Cek & Bilyet Giro'),
(141, 11, 18, 'Retur Supplier Souvenir'),
(142, 11, 19, 'Retur Supplier Materai Teraan'),
(143, 11, 20, 'Retur Supplier Materai Skum'),
(144, 11, 21, 'Retur Supplier Materai Komputerisasi'),
(145, 11, 22, 'Retur Supplier Kartu ATM'),
(146, 11, 23, 'Retur Supplier Barang IT'),
(147, 11, 24, 'Retur Supplier Barang Lainnya'),
(148, 11, 28, 'Retur Supplier Promosi'),
(149, 10, 12, 'Retur Cabang Barang Cetakan'),
(150, 10, 13, 'Retur Cabang Materai Tempel'),
(152, 10, 17, 'Retur Cabang Cek & Bilyet Giro'),
(153, 10, 18, 'Retur Cabang Souvenir'),
(154, 10, 19, 'Retur Cabang Materai Teraan'),
(155, 10, 20, 'Retur Cabang Materai Skum'),
(156, 10, 21, 'Retur Cabang Materai Komputerisasi'),
(157, 10, 22, 'Retur Cabang Kartu ATM'),
(158, 10, 23, 'Retur Cabang Barang IT'),
(159, 10, 24, 'Retur Cabang Barang Lainnya'),
(160, 10, 28, 'Retur Cabang Promosi'),
(161, 9, 12, 'Inlog Barang Cetakan'),
(162, 9, 13, 'Inlog Materai Tempel'),
(164, 9, 17, 'Inlog Cek & Bilyet Giro'),
(165, 9, 18, 'Inlog Souvenir'),
(166, 9, 19, 'Inlog Materai Teraan'),
(167, 9, 20, 'Inlog Materai Skum'),
(168, 9, 21, 'Inlog Materai Komputerisasi'),
(169, 9, 22, 'Inlog Kartu ATM'),
(170, 9, 23, 'Inlog Barang IT'),
(171, 9, 24, 'Inlog Barang Lainnya'),
(172, 9, 28, 'Inlog Promosi'),
(233, 4, 12, 'Pembayaran Barang Cetakan'),
(234, 4, 13, 'Pembayaran Materai Tempel'),
(236, 4, 17, 'Pembayaran Cek & Bilyet Giro'),
(237, 4, 18, 'Pembayaran Souvenir'),
(238, 4, 19, 'Pembayaran Materai Teraan'),
(239, 4, 20, 'Pembayaran Materai Skum'),
(240, 4, 21, 'Pembayaran Materai Komputerisasi'),
(241, 4, 22, 'Pembayaran Kartu ATM'),
(242, 4, 23, 'Pembayaran IT'),
(243, 4, 24, 'Pembayaran Barang Lainnnya'),
(245, 4, 27, 'Pembayaran Promosi'),
(315, 16, 3, 'Penjualan Rugi FA Gedung'),
(299, 15, 1, 'Pembelian FA Tanah'),
(287, 14, 2, 'Pembelian FA Bangunan Dalam Penyelesaian dengan DP'),
(286, 14, 1, 'Pembelian FA Tanah dengan DP'),
(288, 14, 3, 'Pembelian FA Gedung dengan DP'),
(289, 14, 4, 'Pembelian FA Instalasi dengan DP'),
(290, 14, 5, 'Pembelian FA Kendaraan dengan DP'),
(291, 14, 6, 'Pembelian FA Hardware Komputer dengan DP'),
(292, 14, 7, 'Pembelian FA Peripheral Komputer dengan DP'),
(293, 14, 8, 'Pembelian FA Inventaris Golongan I dengan DP'),
(294, 14, 9, 'Pembelian FA Inventaris Golongan II dengan DP'),
(295, 14, 10, 'Pembelian FA Software Komputer dengan DP'),
(296, 14, 11, 'Pembelian FA Leasehold dengan DP'),
(297, 14, 25, 'Pembelian FA Bangunan dengan DP'),
(301, 15, 3, 'Pembelian FA Gedung'),
(314, 16, 1, 'Penjualan Rugi Tanah'),
(303, 15, 5, 'Pembelian FA Kendaraan'),
(304, 15, 6, 'Pembelian FA Hardware Komputer'),
(305, 15, 7, 'Pembelian FA Peripheral Komputer'),
(306, 15, 8, 'Pembelian FA Inventaris Golongan I'),
(307, 15, 9, 'Pembelian FA Inventaris Golongan II'),
(308, 15, 10, 'Pembelian FA Software Komputer'),
(309, 15, 11, 'Pembelian FA Leasehold'),
(312, 2, 9, 'Mutasi FA Gol II'),
(313, 2, 7, 'Mutasi FA Peripheral'),
(316, 16, 4, 'Penjualan Rugi FA Instalasi'),
(317, 16, 5, 'Penjualan Rugi FA Kendaraan'),
(318, 16, 6, 'Penjualan Rugi Hardware'),
(319, 16, 7, 'Penjualan Rugi Peripheral'),
(320, 16, 8, 'Penjualan Rugi Inv I'),
(321, 16, 9, 'Penjualan Rugi Inv II'),
(322, 16, 10, 'Penjualan Rugi Software'),
(323, 16, 11, 'Penjualan Rugi Leasehold'),
(324, 17, 1, 'Penjualan Sama Dengan Nilai Buku Tanah'),
(325, 17, 3, 'Penjualan Sama Dengan Nilai Buku FA Gedung'),
(326, 17, 4, 'Penjualan Sama Dengan Nilai Buku FA Instalasi'),
(327, 17, 5, 'Penjualan Sama Dengan Nilai Buku FA Kendaraan'),
(328, 17, 6, 'Penjualan Sama Dengan Nilai Buku Hardware'),
(329, 17, 7, 'Penjualan Sama Dengan Nilai Buku Peripheral'),
(330, 17, 8, 'Penjualan Sama Dengan Nilai Buku Inv I'),
(331, 17, 9, 'Penjualan Sama Dengan Nilai Buku Inv II'),
(332, 17, 10, 'Penjualan Sama Dengan Nilai Buku Software'),
(333, 17, 11, 'Penjualan Sama Dengan Nilai Buku Leasehold');

-- --------------------------------------------------------

--
-- Table structure for table `journal_template_details`
--

DROP TABLE IF EXISTS `journal_template_details`;
CREATE TABLE IF NOT EXISTS `journal_template_details` (
  `id` int(10) unsigned NOT NULL AUTO_INCREMENT,
  `journal_template_id` int(10) unsigned NOT NULL,
  `account_id` int(10) unsigned NOT NULL,
  `journal_position_id` tinyint(3) unsigned NOT NULL,
  `for_destination_branch` tinyint(1) NOT NULL DEFAULT '0',
  `for_profit_sales` tinyint(1) NOT NULL DEFAULT '1',
  `for_purchase_with_dp` tinyint(1) NOT NULL DEFAULT '0',
  `for_accum_dep` tinyint(1) NOT NULL DEFAULT '0',
  `contra_account` varchar(50) NOT NULL,
  PRIMARY KEY (`id`),
  KEY `journal_template_id` (`journal_template_id`,`account_id`,`journal_position_id`),
  KEY `destination_branch` (`for_destination_branch`),
  KEY `for_profit_sales` (`for_profit_sales`),
  KEY `for_purchase_with_dp` (`for_purchase_with_dp`),
  KEY `for_accum_dep` (`for_accum_dep`),
  KEY `contra_account` (`contra_account`)
) ENGINE=MyISAM  DEFAULT CHARSET=latin1 AUTO_INCREMENT=1123 ;

--
-- Dumping data for table `journal_template_details`
--

INSERT INTO `journal_template_details` (`id`, `journal_template_id`, `account_id`, `journal_position_id`, `for_destination_branch`, `for_profit_sales`, `for_purchase_with_dp`, `for_accum_dep`, `contra_account`) VALUES
(120, 35, 155, 1, 0, 0, 0, 0, '0'),
(542, 35, 155, 2, 0, 0, 0, 1, '0'),
(122, 35, 125, 2, 0, 0, 0, 0, '0'),
(541, 35, 144, 1, 0, 0, 0, 1, '0'),
(540, 35, 155, 2, 0, 0, 0, 0, '0'),
(539, 35, 103, 1, 0, 0, 0, 0, '0'),
(902, 63, 56, 2, 0, 1, 0, 0, '0'),
(901, 63, 155, 1, 0, 1, 0, 0, 'profit'),
(900, 63, 93, 2, 0, 1, 0, 0, '0'),
(899, 63, 155, 1, 0, 1, 0, 0, 'fa'),
(898, 63, 155, 2, 0, 1, 0, 1, 'accum_dep'),
(897, 63, 94, 1, 0, 1, 0, 1, '0'),
(896, 63, 155, 2, 0, 1, 0, 0, 'rab_kas'),
(895, 63, 157, 1, 0, 1, 0, 0, '0'),
(894, 63, 157, 2, 0, 1, 0, 0, '0'),
(893, 63, 58, 1, 0, 1, 0, 0, '0'),
(892, 62, 56, 2, 0, 1, 0, 0, '0'),
(891, 62, 155, 1, 0, 1, 0, 0, 'profit'),
(890, 62, 20, 2, 0, 1, 0, 0, '0'),
(889, 62, 155, 1, 0, 1, 0, 0, 'fa'),
(888, 62, 155, 2, 0, 1, 0, 1, 'accum_dep'),
(887, 62, 21, 1, 0, 1, 0, 1, '0'),
(886, 62, 155, 2, 0, 1, 0, 0, 'rab_kas'),
(885, 62, 157, 1, 0, 1, 0, 0, '0'),
(884, 62, 157, 2, 0, 1, 0, 0, '0'),
(883, 62, 58, 1, 0, 1, 0, 0, '0'),
(882, 61, 56, 2, 0, 1, 0, 0, '0'),
(881, 61, 155, 1, 0, 1, 0, 0, 'profit'),
(880, 61, 126, 2, 0, 1, 0, 0, '0'),
(879, 61, 155, 1, 0, 1, 0, 0, 'fa'),
(878, 61, 155, 2, 0, 1, 0, 1, 'accum_dep'),
(877, 61, 146, 1, 0, 1, 0, 1, '0'),
(876, 61, 155, 2, 0, 1, 0, 0, 'rab_kas'),
(875, 61, 157, 1, 0, 1, 0, 0, '0'),
(874, 61, 157, 2, 0, 1, 0, 0, '0'),
(873, 61, 58, 1, 0, 1, 0, 0, '0'),
(872, 60, 56, 2, 0, 1, 0, 0, '0'),
(871, 60, 155, 1, 0, 1, 0, 0, 'profit'),
(870, 60, 125, 2, 0, 1, 0, 0, '0'),
(869, 60, 155, 1, 0, 1, 0, 0, 'fa'),
(868, 60, 155, 2, 0, 1, 0, 1, 'accum_dep'),
(867, 60, 144, 1, 0, 1, 0, 1, '0'),
(866, 60, 155, 2, 0, 1, 0, 0, 'rab_kas'),
(865, 60, 157, 1, 0, 1, 0, 0, '0'),
(864, 60, 157, 2, 0, 1, 0, 0, '0'),
(863, 60, 58, 1, 0, 1, 0, 0, '0'),
(862, 59, 56, 2, 0, 1, 0, 0, '0'),
(861, 59, 155, 1, 0, 1, 0, 0, 'profit'),
(860, 59, 129, 2, 0, 1, 0, 0, '0'),
(859, 59, 155, 1, 0, 1, 0, 0, 'fa'),
(858, 59, 155, 2, 0, 1, 0, 1, 'accum_dep'),
(857, 59, 147, 1, 0, 1, 0, 1, '0'),
(856, 59, 155, 2, 0, 1, 0, 0, 'rab_kas'),
(855, 59, 157, 1, 0, 1, 0, 0, '0'),
(854, 59, 157, 2, 0, 1, 0, 0, '0'),
(853, 59, 58, 1, 0, 1, 0, 0, '0'),
(852, 58, 56, 2, 0, 1, 0, 0, '0'),
(851, 58, 155, 1, 0, 1, 0, 0, 'profit'),
(850, 58, 4, 2, 0, 1, 0, 0, '0'),
(849, 58, 155, 1, 0, 1, 0, 0, 'fa'),
(848, 58, 155, 2, 0, 1, 0, 1, 'accum_dep'),
(847, 58, 5, 1, 0, 1, 0, 1, '0'),
(846, 58, 155, 2, 0, 1, 0, 0, 'rab_kas'),
(845, 58, 157, 1, 0, 1, 0, 0, '0'),
(844, 58, 157, 2, 0, 1, 0, 0, '0'),
(843, 58, 58, 1, 0, 1, 0, 0, '0'),
(842, 17, 56, 2, 0, 1, 0, 0, '0'),
(841, 17, 155, 1, 0, 1, 0, 0, 'profit'),
(840, 17, 7, 2, 0, 1, 0, 0, '0'),
(839, 17, 155, 1, 0, 1, 0, 0, 'fa'),
(838, 17, 155, 2, 0, 1, 0, 1, 'accum_dep'),
(837, 17, 8, 1, 0, 1, 0, 1, '0'),
(836, 17, 155, 2, 0, 1, 0, 0, 'rab_kas'),
(835, 17, 157, 1, 0, 1, 0, 0, '0'),
(834, 17, 157, 2, 0, 1, 0, 0, '0'),
(833, 17, 58, 1, 0, 1, 0, 0, '0'),
(832, 16, 56, 2, 0, 1, 0, 0, '0'),
(831, 16, 155, 1, 0, 1, 0, 0, 'profit'),
(830, 16, 4, 2, 0, 1, 0, 0, '0'),
(829, 16, 155, 1, 0, 1, 0, 0, 'fa'),
(828, 16, 155, 2, 0, 1, 0, 1, 'accum_dep'),
(827, 16, 5, 1, 0, 1, 0, 1, '0'),
(826, 16, 155, 2, 0, 1, 0, 0, 'rab_kas'),
(825, 16, 157, 1, 0, 1, 0, 0, '0'),
(824, 16, 157, 2, 0, 1, 0, 0, '0'),
(823, 16, 58, 1, 0, 1, 0, 0, '0'),
(822, 56, 56, 2, 0, 1, 0, 0, '0'),
(821, 56, 155, 1, 0, 1, 0, 0, 'profit'),
(820, 56, 99, 2, 0, 1, 0, 0, '0'),
(819, 56, 155, 1, 0, 1, 0, 0, 'fa'),
(818, 56, 155, 2, 0, 1, 0, 1, 'accum_dep'),
(817, 56, 100, 1, 0, 1, 0, 1, '0'),
(816, 56, 155, 2, 0, 1, 0, 0, 'rab_kas'),
(815, 56, 157, 1, 0, 1, 0, 0, '0'),
(814, 56, 157, 2, 0, 1, 0, 0, '0'),
(813, 56, 58, 1, 0, 1, 0, 0, '0'),
(812, 15, 56, 2, 0, 1, 0, 0, '0'),
(811, 15, 155, 1, 0, 1, 0, 0, 'profit'),
(810, 15, 1, 2, 0, 1, 0, 0, '0'),
(809, 15, 155, 1, 0, 1, 0, 0, 'fa'),
(808, 15, 155, 2, 0, 1, 0, 1, 'accum_dep'),
(807, 15, 2, 1, 0, 1, 0, 1, '0'),
(806, 15, 155, 2, 0, 1, 0, 0, 'rab_kas'),
(805, 15, 157, 1, 0, 1, 0, 0, '0'),
(804, 15, 157, 2, 0, 1, 0, 0, '0'),
(803, 15, 58, 1, 0, 1, 0, 0, '0'),
(802, 50, 155, 2, 0, 1, 0, 1, '0'),
(801, 50, 94, 1, 0, 1, 0, 1, '0'),
(800, 50, 155, 2, 0, 1, 0, 0, '0'),
(799, 50, 156, 1, 0, 1, 0, 0, '0'),
(798, 50, 93, 2, 0, 1, 0, 0, '0'),
(797, 50, 155, 1, 0, 1, 0, 0, '0'),
(796, 49, 155, 2, 0, 1, 0, 1, '0'),
(795, 49, 21, 1, 0, 1, 0, 1, '0'),
(794, 49, 155, 2, 0, 1, 0, 0, '0'),
(793, 49, 156, 1, 0, 1, 0, 0, '0'),
(792, 49, 20, 2, 0, 1, 0, 0, '0'),
(791, 49, 155, 1, 0, 1, 0, 0, '0'),
(790, 48, 155, 2, 0, 1, 0, 1, '0'),
(789, 48, 146, 1, 0, 1, 0, 1, '0'),
(788, 48, 155, 2, 0, 1, 0, 0, '0'),
(787, 48, 156, 1, 0, 1, 0, 0, '0'),
(786, 48, 126, 2, 0, 1, 0, 0, '0'),
(785, 48, 155, 1, 0, 1, 0, 0, '0'),
(784, 46, 155, 2, 0, 1, 0, 1, '0'),
(783, 46, 147, 1, 0, 1, 0, 1, '0'),
(782, 46, 155, 2, 0, 1, 0, 0, '0'),
(781, 46, 156, 1, 0, 1, 0, 0, '0'),
(780, 46, 127, 2, 0, 1, 0, 0, '0'),
(779, 46, 155, 1, 0, 1, 0, 0, '0'),
(778, 45, 155, 2, 0, 1, 0, 1, '0'),
(777, 45, 151, 1, 0, 1, 0, 1, '0'),
(776, 45, 155, 2, 0, 1, 0, 0, '0'),
(775, 45, 156, 1, 0, 1, 0, 0, '0'),
(774, 45, 124, 2, 0, 1, 0, 0, '0'),
(773, 45, 155, 1, 0, 1, 0, 0, '0'),
(772, 44, 155, 2, 0, 1, 0, 1, '0'),
(771, 44, 8, 1, 0, 1, 0, 1, '0'),
(770, 44, 155, 2, 0, 1, 0, 0, '0'),
(769, 44, 156, 1, 0, 1, 0, 0, '0'),
(768, 44, 7, 2, 0, 1, 0, 0, '0'),
(767, 44, 155, 1, 0, 1, 0, 0, '0'),
(766, 43, 155, 2, 0, 1, 0, 1, '0'),
(765, 43, 5, 1, 0, 1, 0, 1, '0'),
(764, 43, 155, 2, 0, 1, 0, 0, '0'),
(763, 43, 156, 1, 0, 1, 0, 0, '0'),
(762, 43, 122, 2, 0, 1, 0, 0, '0'),
(761, 43, 155, 1, 0, 1, 0, 0, '0'),
(760, 41, 155, 2, 0, 1, 0, 1, '0'),
(759, 41, 2, 1, 0, 1, 0, 1, '0'),
(758, 41, 155, 2, 0, 1, 0, 0, '0'),
(757, 41, 156, 1, 0, 1, 0, 0, '0'),
(756, 41, 1, 2, 0, 1, 0, 0, '0'),
(755, 41, 155, 1, 0, 1, 0, 0, '0'),
(751, 42, 156, 1, 0, 1, 0, 0, '0'),
(749, 42, 155, 1, 0, 1, 0, 0, '0'),
(750, 42, 99, 2, 0, 1, 0, 0, '0'),
(752, 42, 155, 2, 0, 1, 0, 0, '0'),
(753, 42, 100, 1, 0, 1, 0, 1, '0'),
(754, 42, 155, 2, 0, 1, 0, 1, '0'),
(742, 47, 155, 2, 0, 0, 0, 1, '0'),
(741, 47, 144, 1, 0, 0, 0, 1, '0'),
(740, 47, 155, 2, 0, 0, 0, 0, '0'),
(739, 47, 156, 1, 0, 0, 0, 0, '0'),
(738, 47, 125, 2, 0, 0, 0, 0, '0'),
(737, 47, 155, 1, 0, 0, 0, 0, '0'),
(736, 297, 39, 2, 0, 1, 0, 0, '0'),
(735, 297, 154, 1, 0, 1, 0, 0, '0'),
(734, 296, 39, 2, 0, 1, 0, 0, '0'),
(733, 296, 154, 1, 0, 1, 0, 0, '0'),
(732, 295, 39, 2, 0, 1, 0, 0, '0'),
(731, 295, 154, 1, 0, 1, 0, 0, '0'),
(730, 294, 39, 2, 0, 1, 0, 0, '0'),
(729, 294, 154, 1, 0, 1, 0, 0, '0'),
(728, 293, 39, 2, 0, 1, 0, 0, '0'),
(727, 293, 154, 1, 0, 1, 0, 0, '0'),
(726, 292, 39, 2, 0, 1, 0, 0, '0'),
(725, 292, 154, 1, 0, 1, 0, 0, '0'),
(724, 291, 39, 2, 0, 1, 0, 0, '0'),
(723, 291, 154, 1, 0, 1, 0, 0, '0'),
(722, 290, 39, 2, 0, 1, 0, 0, '0'),
(721, 290, 154, 1, 0, 1, 0, 0, '0'),
(720, 289, 39, 2, 0, 1, 0, 0, '0'),
(719, 289, 154, 1, 0, 1, 0, 0, '0'),
(718, 288, 39, 2, 0, 1, 0, 0, '0'),
(717, 288, 154, 1, 0, 1, 0, 0, '0'),
(716, 287, 39, 2, 0, 1, 0, 0, '0'),
(715, 287, 154, 1, 0, 1, 0, 0, '0'),
(714, 286, 39, 2, 0, 1, 0, 0, '0'),
(713, 286, 154, 1, 0, 1, 0, 0, '0'),
(712, 308, 39, 2, 0, 1, 0, 0, '0'),
(711, 308, 128, 1, 0, 1, 0, 0, '0'),
(710, 305, 39, 2, 0, 1, 0, 0, '0'),
(709, 305, 127, 1, 0, 1, 0, 0, '0'),
(708, 309, 39, 2, 0, 1, 0, 0, '0'),
(707, 309, 93, 1, 0, 1, 0, 0, '0'),
(706, 307, 39, 2, 0, 1, 0, 0, '0'),
(705, 307, 126, 1, 0, 1, 0, 0, '0'),
(704, 306, 39, 2, 0, 1, 0, 0, '0'),
(703, 306, 125, 1, 0, 1, 0, 0, '0'),
(702, 304, 39, 2, 0, 1, 0, 0, '0'),
(701, 304, 4, 1, 0, 1, 0, 0, '0'),
(700, 303, 39, 2, 0, 1, 0, 0, '0'),
(699, 303, 7, 1, 0, 1, 0, 0, '0'),
(698, 301, 39, 2, 0, 1, 0, 0, '0'),
(697, 301, 1, 1, 0, 1, 0, 0, '0'),
(696, 299, 39, 2, 0, 1, 0, 0, '0'),
(695, 299, 99, 1, 0, 1, 0, 0, '0'),
(694, 304, 39, 2, 0, 0, 0, 0, '0'),
(693, 304, 124, 1, 0, 0, 0, 0, '0'),
(692, 313, 147, 2, 1, 0, 0, 1, '0'),
(691, 313, 155, 1, 1, 0, 0, 1, '0'),
(690, 313, 102, 2, 1, 0, 0, 0, '0'),
(689, 313, 155, 1, 1, 0, 0, 0, '0'),
(688, 313, 155, 2, 1, 0, 0, 0, '0'),
(687, 313, 129, 1, 1, 0, 0, 0, '0'),
(686, 313, 155, 2, 0, 0, 0, 1, '0'),
(685, 313, 147, 1, 0, 0, 0, 1, '0'),
(684, 313, 155, 2, 0, 0, 0, 0, '0'),
(683, 313, 103, 1, 0, 0, 0, 0, '0'),
(682, 313, 129, 2, 0, 0, 0, 0, '0'),
(681, 313, 155, 1, 0, 0, 0, 0, '0'),
(680, 312, 146, 2, 1, 0, 0, 1, '0'),
(679, 312, 155, 1, 1, 0, 0, 1, '0'),
(678, 312, 102, 2, 1, 0, 0, 0, '0'),
(677, 312, 155, 1, 1, 0, 0, 0, '0'),
(676, 312, 155, 2, 1, 0, 0, 0, '0'),
(675, 312, 126, 1, 1, 0, 0, 0, '0'),
(674, 312, 155, 2, 0, 0, 0, 1, '0'),
(673, 312, 146, 1, 0, 0, 0, 1, '0'),
(672, 312, 155, 2, 0, 0, 0, 0, '0'),
(671, 312, 103, 1, 0, 0, 0, 0, '0'),
(670, 312, 126, 2, 0, 0, 0, 0, '0'),
(669, 312, 155, 1, 0, 0, 0, 0, '0'),
(668, 30, 2, 2, 1, 0, 0, 1, '0'),
(667, 30, 155, 1, 1, 0, 0, 1, '0'),
(666, 30, 102, 2, 1, 0, 0, 0, '0'),
(665, 30, 155, 1, 1, 0, 0, 0, '0'),
(664, 30, 155, 2, 1, 0, 0, 0, '0'),
(663, 30, 1, 1, 1, 0, 0, 0, '0'),
(662, 30, 155, 2, 0, 0, 0, 1, '0'),
(661, 30, 2, 1, 0, 0, 0, 1, '0'),
(660, 30, 155, 2, 0, 0, 0, 0, '0'),
(659, 30, 103, 1, 0, 0, 0, 0, '0'),
(658, 30, 1, 2, 0, 0, 0, 0, '0'),
(657, 30, 155, 1, 0, 0, 0, 0, '0'),
(656, 38, 94, 2, 1, 0, 0, 1, '0'),
(655, 38, 155, 1, 1, 0, 0, 1, '0'),
(654, 38, 102, 2, 1, 0, 0, 0, '0'),
(653, 38, 155, 1, 1, 0, 0, 0, '0'),
(652, 38, 155, 2, 1, 0, 0, 0, '0'),
(651, 38, 93, 1, 1, 0, 0, 0, '0'),
(650, 38, 155, 2, 0, 0, 0, 1, '0'),
(649, 38, 94, 1, 0, 0, 0, 1, '0'),
(648, 38, 155, 2, 0, 0, 0, 0, '0'),
(647, 38, 103, 1, 0, 0, 0, 0, '0'),
(646, 38, 93, 2, 0, 0, 0, 0, '0'),
(645, 38, 155, 1, 0, 0, 0, 0, '0'),
(644, 33, 5, 2, 1, 0, 0, 1, '0'),
(643, 33, 155, 1, 1, 0, 0, 1, '0'),
(642, 33, 102, 2, 1, 0, 0, 0, '0'),
(641, 33, 155, 1, 1, 0, 0, 0, '0'),
(640, 33, 155, 2, 1, 0, 0, 0, '0'),
(639, 33, 4, 1, 1, 0, 0, 0, '0'),
(638, 33, 155, 2, 0, 0, 0, 1, '0'),
(637, 33, 5, 1, 0, 0, 0, 1, '0'),
(636, 33, 155, 2, 0, 0, 0, 0, '0'),
(635, 33, 103, 1, 0, 0, 0, 0, '0'),
(634, 33, 4, 2, 0, 0, 0, 0, '0'),
(633, 33, 155, 1, 0, 0, 0, 0, '0'),
(632, 32, 8, 2, 1, 0, 0, 1, '0'),
(631, 32, 155, 1, 1, 0, 0, 1, '0'),
(630, 32, 102, 2, 1, 0, 0, 0, '0'),
(629, 32, 155, 1, 1, 0, 0, 0, '0'),
(628, 32, 155, 2, 1, 0, 0, 0, '0'),
(627, 32, 7, 1, 1, 0, 0, 0, '0'),
(626, 32, 155, 2, 0, 0, 0, 1, '0'),
(625, 32, 8, 1, 0, 0, 0, 1, '0'),
(624, 32, 155, 2, 0, 0, 0, 0, '0'),
(623, 32, 103, 1, 0, 0, 0, 0, '0'),
(622, 32, 7, 2, 0, 0, 0, 0, '0'),
(621, 32, 155, 1, 0, 0, 0, 0, '0'),
(543, 35, 125, 1, 1, 0, 0, 0, '0'),
(544, 35, 155, 2, 1, 0, 0, 0, '0'),
(545, 35, 155, 1, 1, 0, 0, 0, '0'),
(546, 35, 102, 2, 1, 0, 0, 0, '0'),
(547, 35, 155, 1, 1, 0, 0, 1, '0'),
(548, 35, 144, 2, 1, 0, 0, 1, '0'),
(620, 37, 21, 2, 1, 0, 0, 1, '0'),
(619, 37, 155, 1, 1, 0, 0, 1, '0'),
(618, 37, 102, 2, 1, 0, 0, 0, '0'),
(617, 37, 155, 1, 1, 0, 0, 0, '0'),
(616, 37, 155, 2, 1, 0, 0, 0, '0'),
(615, 37, 20, 1, 1, 0, 0, 0, '0'),
(614, 37, 155, 2, 0, 0, 0, 1, '0'),
(613, 37, 21, 1, 0, 0, 0, 1, '0'),
(612, 37, 155, 2, 0, 0, 0, 0, '0'),
(611, 37, 103, 1, 0, 0, 0, 0, '0'),
(610, 37, 128, 2, 0, 0, 0, 0, '0'),
(609, 37, 155, 1, 0, 0, 0, 0, '0'),
(608, 13, 100, 2, 1, 0, 0, 1, '0'),
(607, 13, 155, 1, 1, 0, 0, 1, '0'),
(606, 13, 102, 2, 1, 0, 0, 0, '0'),
(605, 13, 155, 1, 1, 0, 0, 0, '0'),
(604, 13, 155, 2, 1, 0, 0, 0, '0'),
(603, 13, 99, 1, 1, 0, 0, 0, '0'),
(602, 13, 155, 2, 0, 0, 0, 1, '0'),
(601, 13, 100, 1, 0, 0, 0, 1, '0'),
(600, 13, 155, 2, 0, 0, 0, 0, '0'),
(599, 13, 103, 1, 0, 0, 0, 0, '0'),
(598, 13, 119, 2, 0, 0, 0, 0, '0'),
(597, 13, 155, 1, 0, 0, 0, 0, '0'),
(903, 314, 58, 1, 0, 0, 0, 0, ''),
(904, 314, 157, 2, 0, 0, 0, 0, ''),
(905, 314, 155, 1, 0, 0, 0, 0, 'fa'),
(906, 314, 99, 2, 0, 0, 0, 0, ''),
(907, 314, 157, 1, 0, 0, 0, 0, ''),
(908, 314, 155, 2, 0, 0, 0, 0, 'rab_kas'),
(909, 314, 57, 1, 0, 0, 0, 0, ''),
(910, 314, 155, 2, 0, 0, 0, 0, 'loss'),
(911, 314, 100, 1, 0, 0, 0, 0, ''),
(912, 314, 155, 2, 0, 0, 0, 0, 'accum_dep'),
(913, 316, 58, 1, 0, 1, 0, 0, ''),
(914, 316, 157, 2, 0, 1, 0, 0, ''),
(915, 316, 155, 1, 0, 1, 0, 0, 'fa'),
(916, 316, 122, 2, 0, 1, 0, 0, ''),
(917, 316, 157, 1, 0, 1, 0, 0, ''),
(918, 316, 155, 2, 0, 1, 0, 0, 'rab_kas'),
(919, 316, 57, 1, 0, 1, 0, 0, ''),
(920, 316, 155, 2, 0, 1, 0, 0, 'loss'),
(921, 316, 5, 1, 0, 1, 0, 0, ''),
(922, 316, 155, 2, 0, 1, 0, 0, 'accum_dep'),
(923, 317, 58, 1, 0, 1, 0, 0, ''),
(924, 317, 157, 2, 0, 1, 0, 0, ''),
(925, 317, 155, 1, 0, 1, 0, 0, 'fa'),
(926, 317, 7, 2, 0, 1, 0, 0, ''),
(927, 317, 157, 1, 0, 1, 0, 0, ''),
(928, 317, 155, 2, 0, 1, 0, 0, 'rab_kas'),
(929, 317, 57, 1, 0, 1, 0, 0, ''),
(930, 317, 155, 2, 0, 1, 0, 0, 'loss'),
(931, 317, 8, 1, 0, 1, 0, 0, ''),
(932, 317, 155, 2, 0, 1, 0, 0, 'accum_dep'),
(933, 318, 58, 1, 0, 1, 0, 0, ''),
(934, 318, 157, 2, 0, 1, 0, 0, ''),
(935, 318, 155, 1, 0, 1, 0, 0, 'fa'),
(936, 318, 4, 2, 0, 1, 0, 0, ''),
(937, 318, 157, 1, 0, 1, 0, 0, ''),
(938, 318, 155, 2, 0, 1, 0, 0, 'rab_kas'),
(939, 318, 57, 1, 0, 1, 0, 0, ''),
(940, 318, 155, 2, 0, 1, 0, 0, 'loss'),
(941, 318, 5, 1, 0, 1, 0, 0, ''),
(942, 318, 155, 2, 0, 1, 0, 0, 'accum_dep'),
(943, 319, 58, 1, 0, 1, 0, 0, ''),
(944, 319, 157, 2, 0, 1, 0, 0, ''),
(945, 319, 155, 1, 0, 1, 0, 0, 'fa'),
(946, 319, 129, 2, 0, 1, 0, 0, ''),
(947, 319, 157, 1, 0, 1, 0, 0, ''),
(948, 319, 155, 2, 0, 1, 0, 0, 'rab_kas'),
(949, 319, 57, 1, 0, 1, 0, 0, ''),
(950, 319, 155, 2, 0, 1, 0, 0, 'loss'),
(951, 319, 147, 1, 0, 1, 0, 0, ''),
(952, 319, 155, 2, 0, 1, 0, 0, 'accum_dep'),
(953, 320, 58, 1, 0, 1, 0, 0, ''),
(954, 320, 157, 2, 0, 1, 0, 0, ''),
(955, 320, 155, 1, 0, 1, 0, 0, 'fa'),
(956, 320, 125, 2, 0, 1, 0, 0, ''),
(957, 320, 157, 1, 0, 1, 0, 0, ''),
(958, 320, 155, 2, 0, 1, 0, 0, 'rab_kas'),
(959, 320, 57, 1, 0, 1, 0, 0, ''),
(960, 320, 155, 2, 0, 1, 0, 0, 'loss'),
(961, 320, 144, 1, 0, 1, 0, 0, ''),
(962, 320, 155, 2, 0, 1, 0, 0, 'accum_dep'),
(963, 321, 58, 1, 0, 1, 0, 0, ''),
(964, 321, 157, 2, 0, 1, 0, 0, ''),
(965, 321, 155, 1, 0, 1, 0, 0, 'fa'),
(966, 321, 126, 2, 0, 1, 0, 0, ''),
(967, 321, 157, 1, 0, 1, 0, 0, ''),
(968, 321, 155, 2, 0, 1, 0, 0, 'rab_kas'),
(969, 321, 57, 1, 0, 1, 0, 0, ''),
(970, 321, 155, 2, 0, 1, 0, 0, 'loss'),
(971, 321, 146, 1, 0, 1, 0, 0, ''),
(972, 321, 155, 2, 0, 1, 0, 0, 'accum_dep'),
(973, 322, 58, 1, 0, 1, 0, 0, ''),
(974, 322, 157, 2, 0, 1, 0, 0, ''),
(975, 322, 155, 1, 0, 1, 0, 0, 'fa'),
(976, 322, 20, 2, 0, 1, 0, 0, ''),
(977, 322, 157, 1, 0, 1, 0, 0, ''),
(978, 322, 155, 2, 0, 1, 0, 0, 'rab_kas'),
(979, 322, 57, 1, 0, 1, 0, 0, ''),
(980, 322, 155, 2, 0, 1, 0, 0, 'loss'),
(981, 322, 21, 1, 0, 1, 0, 0, ''),
(982, 322, 155, 2, 0, 1, 0, 0, 'accum_dep'),
(983, 323, 58, 1, 0, 1, 0, 0, ''),
(984, 323, 157, 2, 0, 1, 0, 0, ''),
(985, 323, 155, 1, 0, 1, 0, 0, 'fa'),
(986, 323, 93, 2, 0, 1, 0, 0, ''),
(987, 323, 157, 1, 0, 1, 0, 0, ''),
(988, 323, 155, 2, 0, 1, 0, 0, 'rab_kas'),
(989, 323, 57, 1, 0, 1, 0, 0, ''),
(990, 323, 155, 2, 0, 1, 0, 0, 'loss'),
(991, 323, 94, 1, 0, 1, 0, 0, ''),
(992, 323, 155, 2, 0, 1, 0, 0, 'accum_dep'),
(993, 315, 58, 1, 0, 1, 0, 0, ''),
(994, 315, 157, 2, 0, 1, 0, 0, ''),
(995, 315, 155, 1, 0, 1, 0, 0, 'fa'),
(996, 315, 1, 2, 0, 1, 0, 0, ''),
(997, 315, 157, 1, 0, 1, 0, 0, ''),
(998, 315, 155, 2, 0, 1, 0, 0, 'rab_kas'),
(999, 315, 57, 1, 0, 1, 0, 0, ''),
(1000, 315, 155, 2, 0, 1, 0, 0, 'loss'),
(1001, 315, 2, 1, 0, 1, 0, 0, ''),
(1002, 315, 155, 2, 0, 1, 0, 0, 'accum_dep'),
(1003, 324, 58, 1, 0, 1, 0, 0, ''),
(1004, 324, 157, 2, 0, 1, 0, 0, ''),
(1005, 324, 155, 1, 0, 1, 0, 0, 'fa'),
(1006, 324, 1, 2, 0, 1, 0, 0, ''),
(1007, 324, 157, 1, 0, 1, 0, 0, ''),
(1008, 324, 155, 2, 0, 1, 0, 0, 'rab_kas'),
(1011, 324, 2, 1, 0, 1, 0, 0, ''),
(1012, 324, 155, 2, 0, 1, 0, 0, 'accum_dep'),
(1023, 325, 58, 1, 0, 1, 0, 0, ''),
(1024, 325, 157, 2, 0, 1, 0, 0, ''),
(1025, 325, 155, 1, 0, 1, 0, 0, 'fa'),
(1026, 325, 1, 2, 0, 1, 0, 0, ''),
(1027, 325, 157, 1, 0, 1, 0, 0, ''),
(1028, 325, 155, 2, 0, 1, 0, 0, 'rab_kas'),
(1031, 325, 2, 1, 0, 1, 0, 0, ''),
(1032, 325, 155, 2, 0, 1, 0, 0, 'accum_dep'),
(1033, 326, 58, 1, 0, 1, 0, 0, ''),
(1034, 326, 157, 2, 0, 1, 0, 0, ''),
(1035, 326, 155, 1, 0, 1, 0, 0, 'fa'),
(1036, 326, 122, 2, 0, 1, 0, 0, ''),
(1037, 326, 157, 1, 0, 1, 0, 0, ''),
(1038, 326, 155, 2, 0, 1, 0, 0, 'rab_kas'),
(1041, 326, 5, 1, 0, 1, 0, 0, ''),
(1042, 326, 155, 2, 0, 1, 0, 0, 'accum_dep'),
(1043, 327, 58, 1, 0, 1, 0, 0, ''),
(1044, 327, 157, 2, 0, 1, 0, 0, ''),
(1045, 327, 155, 1, 0, 1, 0, 0, 'fa'),
(1046, 327, 7, 2, 0, 1, 0, 0, ''),
(1047, 327, 157, 1, 0, 1, 0, 0, ''),
(1048, 327, 155, 2, 0, 1, 0, 0, 'rab_kas'),
(1051, 327, 8, 1, 0, 1, 0, 0, ''),
(1052, 327, 155, 2, 0, 1, 0, 0, 'accum_dep'),
(1053, 328, 58, 1, 0, 1, 0, 0, ''),
(1054, 328, 157, 2, 0, 1, 0, 0, ''),
(1055, 328, 155, 1, 0, 1, 0, 0, 'fa'),
(1056, 328, 4, 2, 0, 1, 0, 0, ''),
(1057, 328, 157, 1, 0, 1, 0, 0, ''),
(1058, 328, 155, 2, 0, 1, 0, 0, 'rab_kas'),
(1061, 328, 5, 1, 0, 1, 0, 0, ''),
(1062, 328, 155, 2, 0, 1, 0, 0, 'accum_dep'),
(1063, 329, 58, 1, 0, 1, 0, 0, ''),
(1064, 329, 157, 2, 0, 1, 0, 0, ''),
(1065, 329, 155, 1, 0, 1, 0, 0, 'fa'),
(1066, 329, 129, 2, 0, 1, 0, 0, ''),
(1067, 329, 157, 1, 0, 1, 0, 0, ''),
(1068, 329, 155, 2, 0, 1, 0, 0, 'rab_kas'),
(1071, 329, 147, 1, 0, 1, 0, 0, ''),
(1072, 329, 155, 2, 0, 1, 0, 0, 'accum_dep'),
(1073, 330, 58, 1, 0, 1, 0, 0, ''),
(1074, 330, 157, 2, 0, 1, 0, 0, ''),
(1075, 330, 155, 1, 0, 1, 0, 0, 'fa'),
(1076, 330, 125, 2, 0, 1, 0, 0, ''),
(1077, 330, 157, 1, 0, 1, 0, 0, ''),
(1078, 330, 155, 2, 0, 1, 0, 0, 'rab_kas'),
(1081, 330, 144, 1, 0, 1, 0, 0, ''),
(1082, 330, 155, 2, 0, 1, 0, 0, 'accum_dep'),
(1093, 332, 58, 1, 0, 1, 0, 0, ''),
(1094, 332, 157, 2, 0, 1, 0, 0, ''),
(1095, 332, 155, 1, 0, 1, 0, 0, 'fa'),
(1096, 332, 20, 2, 0, 1, 0, 0, ''),
(1097, 332, 157, 1, 0, 1, 0, 0, ''),
(1098, 332, 155, 2, 0, 1, 0, 0, 'rab_kas'),
(1101, 332, 21, 1, 0, 1, 0, 0, ''),
(1102, 332, 155, 2, 0, 1, 0, 0, 'accum_dep'),
(1103, 333, 58, 1, 0, 1, 0, 0, ''),
(1104, 333, 157, 2, 0, 1, 0, 0, ''),
(1105, 333, 155, 1, 0, 1, 0, 0, 'fa'),
(1106, 333, 93, 2, 0, 1, 0, 0, ''),
(1107, 333, 157, 1, 0, 1, 0, 0, ''),
(1108, 333, 155, 2, 0, 1, 0, 0, 'rab_kas'),
(1111, 333, 94, 1, 0, 1, 0, 0, ''),
(1112, 333, 155, 2, 0, 1, 0, 0, 'accum_dep'),
(1113, 331, 58, 1, 0, 1, 0, 0, ''),
(1114, 331, 157, 2, 0, 1, 0, 0, ''),
(1115, 331, 155, 1, 0, 1, 0, 0, 'fa'),
(1116, 331, 126, 2, 0, 1, 0, 0, ''),
(1117, 331, 157, 1, 0, 1, 0, 0, ''),
(1118, 331, 155, 2, 0, 1, 0, 0, 'rab_kas'),
(1121, 331, 146, 1, 0, 1, 0, 0, ''),
(1122, 331, 155, 2, 0, 1, 0, 0, 'accum_dep');

/*!40101 SET CHARACTER_SET_CLIENT=@OLD_CHARACTER_SET_CLIENT */;
/*!40101 SET CHARACTER_SET_RESULTS=@OLD_CHARACTER_SET_RESULTS */;
/*!40101 SET COLLATION_CONNECTION=@OLD_COLLATION_CONNECTION */;
